"Número de Nulos por Observación","Número de Observaciones","Porcentaje de Observaciones"
0,116,19.6610169491525
1,111,18.8135593220339
2,77,13.0508474576271
3,59,10
5,40,6.77966101694915
4,36,6.10169491525424
6,21,3.55932203389831
7,14,2.3728813559322
11,14,2.3728813559322
8,11,1.86440677966102
9,9,1.52542372881356
14,8,1.35593220338983
12,7,1.1864406779661
13,7,1.1864406779661
10,6,1.01694915254237
