"","Columns","IG"
"cg00309204","cg00309204",0.144101729299358
"cg18139900","cg18139900",0.140629397218552
"cg20426860","cg20426860",0.139847070955544
"cg11481490","cg11481490",0.138190071248909
"cg08907850","cg08907850",0.13384912183506
"cg04284814","cg04284814",0.13384912183506
"cg14709524","cg14709524",0.133496290602001
"cg09809242","cg09809242",0.13306237608947
"cg12903171","cg12903171",0.131930967720138
"cg09890200","cg09890200",0.130837517821722
